id,comid,gnis_id,gnis_name,areasqkm,elevation,meandepth,lakevolume,maxdepth
nhdwaterbody.413809,1233435,204950,Grand Lake,7.06,2550,8.609275289,60781152.12,27.46622366
nhdwaterbody.413809,1233435,204950,Grand Lake,7.06,2550,8.609275289,60781152.12,27.46622366
