AREA,PERIMETER,PR_,PR_ID,RINGS_OK,RINGS_NOK,PATH,ROW,MODE,SEQUENCE,WRSPR,PR,ACQDayL7,ACQDayL8
3.77399,8.03991,2755,2755,1,0,198,27,D,1515,198027,198027,1,9
3.67785,7.90752,2756,2756,1,0,198,28,D,1516,198028,198028,1,9
3.5884,7.78501,2757,2757,1,0,196,29,D,8709,196029,196029,3,11
3.77398,8.03989,2755,2755,1,0,201,27,D,19619,201027,201027,6,14
3.77398,8.03989,2755,2755,1,0,199,27,D,26811,199027,199027,8,16
3.67783,7.9075,2756,2756,1,0,197,28,D,34004,197028,197028,10,2
3.5884,7.78502,2757,2757,1,0,197,29,D,34005,197029,197029,10,2
3.77398,8.03989,3251,3251,1,0,202,27,D,44915,202027,202027,13,5
3.77399,8.03991,2755,2755,1,0,200,27,D,52107,200027,200027,15,7
